2016-01-20,http://apps.who.int/gho/data/view.ebola-sitrep.ebola-summary-20160120?lang=en
2016-01-13,http://apps.who.int/gho/data/view.ebola-sitrep.ebola-summary-20160113?lang=en
2016-01-06,http://apps.who.int/gho/data/view.ebola-sitrep.ebola-summary-20160106?lang=en
2015-12-30,http://apps.who.int/gho/data/view.ebola-sitrep.ebola-summary-20151230?lang=en
2015-12-29,http://apps.who.int/gho/data/view.ebola-sitrep.ebola-summary-20151229?lang=en
2015-12-28,http://apps.who.int/gho/data/view.ebola-sitrep.ebola-summary-20151228?lang=en
2015-12-25,http://apps.who.int/gho/data/view.ebola-sitrep.ebola-summary-20151225?lang=en
2015-12-24,http://apps.who.int/gho/data/view.ebola-sitrep.ebola-summary-20151224?lang=en
2015-12-23,http://apps.who.int/gho/data/view.ebola-sitrep.ebola-summary-20151223?lang=en
2015-12-22,http://apps.who.int/gho/data/view.ebola-sitrep.ebola-summary-20151222?lang=en
2015-12-21,http://apps.who.int/gho/data/view.ebola-sitrep.ebola-summary-20151221?lang=en
2015-12-18,http://apps.who.int/gho/data/view.ebola-sitrep.ebola-summary-20151218?lang=en
2015-12-17,http://apps.who.int/gho/data/view.ebola-sitrep.ebola-summary-20151217?lang=en
2015-12-16,http://apps.who.int/gho/data/view.ebola-sitrep.ebola-summary-20151216?lang=en
2015-12-15,http://apps.who.int/gho/data/view.ebola-sitrep.ebola-summary-20151215?lang=en
2015-12-14,http://apps.who.int/gho/data/view.ebola-sitrep.ebola-summary-20151214?lang=en
2015-12-11,http://apps.who.int/gho/data/view.ebola-sitrep.ebola-summary-20151211?lang=en
2015-12-10,http://apps.who.int/gho/data/view.ebola-sitrep.ebola-summary-20151210?lang=en
2015-12-09,http://apps.who.int/gho/data/view.ebola-sitrep.ebola-summary-20151209?lang=en
2015-12-08,http://apps.who.int/gho/data/view.ebola-sitrep.ebola-summary-20151208?lang=en
2015-12-07,http://apps.who.int/gho/data/view.ebola-sitrep.ebola-summary-20151207?lang=en
2015-12-04,http://apps.who.int/gho/data/view.ebola-sitrep.ebola-summary-20151204?lang=en
2015-12-03,http://apps.who.int/gho/data/view.ebola-sitrep.ebola-summary-20151203?lang=en
2015-12-02,http://apps.who.int/gho/data/view.ebola-sitrep.ebola-summary-20151202?lang=en
2015-12-01,http://apps.who.int/gho/data/view.ebola-sitrep.ebola-summary-20151201?lang=en
2015-11-30,http://apps.who.int/gho/data/view.ebola-sitrep.ebola-summary-20151130?lang=en
2015-11-27,http://apps.who.int/gho/data/view.ebola-sitrep.ebola-summary-20151127?lang=en
2015-11-26,http://apps.who.int/gho/data/view.ebola-sitrep.ebola-summary-20151126?lang=en
2015-11-25,http://apps.who.int/gho/data/view.ebola-sitrep.ebola-summary-20151125?lang=en
2015-11-24,http://apps.who.int/gho/data/view.ebola-sitrep.ebola-summary-20151124?lang=en
2015-11-23,http://apps.who.int/gho/data/view.ebola-sitrep.ebola-summary-20151123?lang=en
2015-11-20,http://apps.who.int/gho/data/view.ebola-sitrep.ebola-summary-20151120?lang=en
2015-11-19,http://apps.who.int/gho/data/view.ebola-sitrep.ebola-summary-20151119?lang=en
2015-11-18,http://apps.who.int/gho/data/view.ebola-sitrep.ebola-summary-20151118?lang=en
2015-11-17,http://apps.who.int/gho/data/view.ebola-sitrep.ebola-summary-20151117?lang=en
2015-11-16,http://apps.who.int/gho/data/view.ebola-sitrep.ebola-summary-20151116?lang=en
2015-11-13,http://apps.who.int/gho/data/view.ebola-sitrep.ebola-summary-20151113?lang=en
2015-11-12,http://apps.who.int/gho/data/view.ebola-sitrep.ebola-summary-20151112?lang=en
2015-11-11,http://apps.who.int/gho/data/view.ebola-sitrep.ebola-summary-20151111?lang=en
2015-11-10,http://apps.who.int/gho/data/view.ebola-sitrep.ebola-summary-20151110?lang=en
2015-11-09,http://apps.who.int/gho/data/view.ebola-sitrep.ebola-summary-20151109?lang=en
2015-11-06,http://apps.who.int/gho/data/view.ebola-sitrep.ebola-summary-20151106?lang=en
2015-11-05,http://apps.who.int/gho/data/view.ebola-sitrep.ebola-summary-20151105?lang=en
2015-11-04,http://apps.who.int/gho/data/view.ebola-sitrep.ebola-summary-20151104?lang=en
2015-11-03,http://apps.who.int/gho/data/view.ebola-sitrep.ebola-summary-20151103?lang=en
2015-11-02,http://apps.who.int/gho/data/view.ebola-sitrep.ebola-summary-20151102?lang=en
2015-10-30,http://apps.who.int/gho/data/view.ebola-sitrep.ebola-summary-20151030?lang=en
2015-10-29,http://apps.who.int/gho/data/view.ebola-sitrep.ebola-summary-20151029?lang=en
2015-10-28,http://apps.who.int/gho/data/view.ebola-sitrep.ebola-summary-20151028?lang=en
2015-10-27,http://apps.who.int/gho/data/view.ebola-sitrep.ebola-summary-20151027?lang=en
2015-10-26,http://apps.who.int/gho/data/view.ebola-sitrep.ebola-summary-20151026?lang=en
2015-10-23,http://apps.who.int/gho/data/view.ebola-sitrep.ebola-summary-20151023?lang=en
2015-10-22,http://apps.who.int/gho/data/view.ebola-sitrep.ebola-summary-20151022?lang=en
2015-10-21,http://apps.who.int/gho/data/view.ebola-sitrep.ebola-summary-20151021?lang=en
2015-10-20,http://apps.who.int/gho/data/view.ebola-sitrep.ebola-summary-20151020?lang=en
2015-10-19,http://apps.who.int/gho/data/view.ebola-sitrep.ebola-summary-20151019?lang=en
2015-10-16,http://apps.who.int/gho/data/view.ebola-sitrep.ebola-summary-20151016?lang=en
2015-10-15,http://apps.who.int/gho/data/view.ebola-sitrep.ebola-summary-20151015?lang=en
2015-10-14,http://apps.who.int/gho/data/view.ebola-sitrep.ebola-summary-20151014?lang=en
2015-10-13,http://apps.who.int/gho/data/view.ebola-sitrep.ebola-summary-20151013?lang=en
2015-10-12,http://apps.who.int/gho/data/view.ebola-sitrep.ebola-summary-20151012?lang=en
2015-10-09,http://apps.who.int/gho/data/view.ebola-sitrep.ebola-summary-20151009?lang=en
2015-10-08,http://apps.who.int/gho/data/view.ebola-sitrep.ebola-summary-20151008?lang=en
2015-10-07,http://apps.who.int/gho/data/view.ebola-sitrep.ebola-summary-20151007?lang=en
2015-10-06,http://apps.who.int/gho/data/view.ebola-sitrep.ebola-summary-20151006?lang=en
2015-10-05,http://apps.who.int/gho/data/view.ebola-sitrep.ebola-summary-20151005?lang=en
2015-10-02,http://apps.who.int/gho/data/view.ebola-sitrep.ebola-summary-20151002?lang=en
2015-10-01,http://apps.who.int/gho/data/view.ebola-sitrep.ebola-summary-20151001?lang=en
2015-09-30,http://apps.who.int/gho/data/view.ebola-sitrep.ebola-summary-20150930?lang=en
2015-09-29,http://apps.who.int/gho/data/view.ebola-sitrep.ebola-summary-20150929?lang=en
2015-09-28,http://apps.who.int/gho/data/view.ebola-sitrep.ebola-summary-20150928?lang=en
2015-09-25,http://apps.who.int/gho/data/view.ebola-sitrep.ebola-summary-20150925?lang=en
2015-09-24,http://apps.who.int/gho/data/view.ebola-sitrep.ebola-summary-20150924?lang=en
2015-09-23,http://apps.who.int/gho/data/view.ebola-sitrep.ebola-summary-20150923?lang=en
2015-09-22,http://apps.who.int/gho/data/view.ebola-sitrep.ebola-summary-20150922?lang=en
2015-09-21,http://apps.who.int/gho/data/view.ebola-sitrep.ebola-summary-20150921?lang=en
2015-09-18,http://apps.who.int/gho/data/view.ebola-sitrep.ebola-summary-20150918?lang=en
2015-09-17,http://apps.who.int/gho/data/view.ebola-sitrep.ebola-summary-20150917?lang=en
2015-09-16,http://apps.who.int/gho/data/view.ebola-sitrep.ebola-summary-20150916?lang=en
2015-09-15,http://apps.who.int/gho/data/view.ebola-sitrep.ebola-summary-20150915?lang=en
2015-09-14,http://apps.who.int/gho/data/view.ebola-sitrep.ebola-summary-20150914?lang=en
2015-09-11,http://apps.who.int/gho/data/view.ebola-sitrep.ebola-summary-20150911?lang=en
2015-09-10,http://apps.who.int/gho/data/view.ebola-sitrep.ebola-summary-20150910?lang=en
2015-09-09,http://apps.who.int/gho/data/view.ebola-sitrep.ebola-summary-20150909?lang=en
2015-09-08,http://apps.who.int/gho/data/view.ebola-sitrep.ebola-summary-20150908?lang=en
2015-09-07,http://apps.who.int/gho/data/view.ebola-sitrep.ebola-summary-20150907?lang=en
2015-09-04,http://apps.who.int/gho/data/view.ebola-sitrep.ebola-summary-20150904?lang=en
2015-09-03,http://apps.who.int/gho/data/view.ebola-sitrep.ebola-summary-20150903?lang=en
2015-09-02,http://apps.who.int/gho/data/view.ebola-sitrep.ebola-summary-20150902?lang=en
2015-09-01,http://apps.who.int/gho/data/view.ebola-sitrep.ebola-summary-20150901?lang=en
2015-08-31,http://apps.who.int/gho/data/view.ebola-sitrep.ebola-summary-20150831?lang=en
2015-08-28,http://apps.who.int/gho/data/view.ebola-sitrep.ebola-summary-20150828?lang=en
2015-08-27,http://apps.who.int/gho/data/view.ebola-sitrep.ebola-summary-20150827?lang=en
2015-08-26,http://apps.who.int/gho/data/view.ebola-sitrep.ebola-summary-20150826?lang=en
2015-08-25,http://apps.who.int/gho/data/view.ebola-sitrep.ebola-summary-20150825?lang=en
2015-08-24,http://apps.who.int/gho/data/view.ebola-sitrep.ebola-summary-20150824?lang=en
2015-08-21,http://apps.who.int/gho/data/view.ebola-sitrep.ebola-summary-20150821?lang=en
2015-08-20,http://apps.who.int/gho/data/view.ebola-sitrep.ebola-summary-20150820?lang=en
2015-08-19,http://apps.who.int/gho/data/view.ebola-sitrep.ebola-summary-20150819?lang=en
2015-08-18,http://apps.who.int/gho/data/view.ebola-sitrep.ebola-summary-20150818?lang=en
2015-08-17,http://apps.who.int/gho/data/view.ebola-sitrep.ebola-summary-20150817?lang=en
2015-08-14,http://apps.who.int/gho/data/view.ebola-sitrep.ebola-summary-20150814?lang=en
2015-08-13,http://apps.who.int/gho/data/view.ebola-sitrep.ebola-summary-20150813?lang=en
2015-08-12,http://apps.who.int/gho/data/view.ebola-sitrep.ebola-summary-20150812?lang=en
2015-08-11,http://apps.who.int/gho/data/view.ebola-sitrep.ebola-summary-20150811?lang=en
2015-08-10,http://apps.who.int/gho/data/view.ebola-sitrep.ebola-summary-20150810?lang=en
2015-08-07,http://apps.who.int/gho/data/view.ebola-sitrep.ebola-summary-20150807?lang=en
2015-08-06,http://apps.who.int/gho/data/view.ebola-sitrep.ebola-summary-20150806?lang=en
2015-08-05,http://apps.who.int/gho/data/view.ebola-sitrep.ebola-summary-20150805?lang=en
2015-08-04,http://apps.who.int/gho/data/view.ebola-sitrep.ebola-summary-20150804?lang=en
2015-08-03,http://apps.who.int/gho/data/view.ebola-sitrep.ebola-summary-20150803?lang=en
2015-07-31,http://apps.who.int/gho/data/view.ebola-sitrep.ebola-summary-20150731?lang=en
2015-07-30,http://apps.who.int/gho/data/view.ebola-sitrep.ebola-summary-20150730?lang=en
2015-07-29,http://apps.who.int/gho/data/view.ebola-sitrep.ebola-summary-20150729?lang=en
2015-07-28,http://apps.who.int/gho/data/view.ebola-sitrep.ebola-summary-20150728?lang=en
2015-07-27,http://apps.who.int/gho/data/view.ebola-sitrep.ebola-summary-20150727?lang=en
2015-07-24,http://apps.who.int/gho/data/view.ebola-sitrep.ebola-summary-20150724?lang=en
2015-07-23,http://apps.who.int/gho/data/view.ebola-sitrep.ebola-summary-20150723?lang=en
2015-07-22,http://apps.who.int/gho/data/view.ebola-sitrep.ebola-summary-20150722?lang=en
2015-07-21,http://apps.who.int/gho/data/view.ebola-sitrep.ebola-summary-20150721?lang=en
2015-07-20,http://apps.who.int/gho/data/view.ebola-sitrep.ebola-summary-20150720?lang=en
2015-07-17,http://apps.who.int/gho/data/view.ebola-sitrep.ebola-summary-20150717?lang=en
2015-07-16,http://apps.who.int/gho/data/view.ebola-sitrep.ebola-summary-20150716?lang=en
2015-07-15,http://apps.who.int/gho/data/view.ebola-sitrep.ebola-summary-20150715?lang=en
2015-07-14,http://apps.who.int/gho/data/view.ebola-sitrep.ebola-summary-20150714?lang=en
2015-07-13,http://apps.who.int/gho/data/view.ebola-sitrep.ebola-summary-20150713?lang=en
2015-07-10,http://apps.who.int/gho/data/view.ebola-sitrep.ebola-summary-20150710?lang=en
2015-07-09,http://apps.who.int/gho/data/view.ebola-sitrep.ebola-summary-20150709?lang=en
2015-07-08,http://apps.who.int/gho/data/view.ebola-sitrep.ebola-summary-20150708?lang=en
2015-07-07,http://apps.who.int/gho/data/view.ebola-sitrep.ebola-summary-20150707?lang=en
2015-07-06,http://apps.who.int/gho/data/view.ebola-sitrep.ebola-summary-20150706?lang=en
2015-07-03,http://apps.who.int/gho/data/view.ebola-sitrep.ebola-summary-20150703?lang=en
2015-07-02,http://apps.who.int/gho/data/view.ebola-sitrep.ebola-summary-20150702?lang=en
2015-07-01,http://apps.who.int/gho/data/view.ebola-sitrep.ebola-summary-20150701?lang=en
2015-06-30,http://apps.who.int/gho/data/view.ebola-sitrep.ebola-summary-20150630?lang=en
2015-06-29,http://apps.who.int/gho/data/view.ebola-sitrep.ebola-summary-20150629?lang=en
2015-06-26,http://apps.who.int/gho/data/view.ebola-sitrep.ebola-summary-20150626?lang=en
2015-06-25,http://apps.who.int/gho/data/view.ebola-sitrep.ebola-summary-20150625?lang=en
2015-06-24,http://apps.who.int/gho/data/view.ebola-sitrep.ebola-summary-20150624?lang=en
2015-06-23,http://apps.who.int/gho/data/view.ebola-sitrep.ebola-summary-20150623?lang=en
2015-06-22,http://apps.who.int/gho/data/view.ebola-sitrep.ebola-summary-20150622?lang=en
2015-06-19,http://apps.who.int/gho/data/view.ebola-sitrep.ebola-summary-20150619?lang=en
2015-06-18,http://apps.who.int/gho/data/view.ebola-sitrep.ebola-summary-20150618?lang=en
2015-06-17,http://apps.who.int/gho/data/view.ebola-sitrep.ebola-summary-20150617?lang=en
2015-06-16,http://apps.who.int/gho/data/view.ebola-sitrep.ebola-summary-20150616?lang=en
2015-06-15,http://apps.who.int/gho/data/view.ebola-sitrep.ebola-summary-20150615?lang=en
2015-06-12,http://apps.who.int/gho/data/view.ebola-sitrep.ebola-summary-20150612?lang=en
2015-06-11,http://apps.who.int/gho/data/view.ebola-sitrep.ebola-summary-20150611?lang=en
2015-06-10,http://apps.who.int/gho/data/view.ebola-sitrep.ebola-summary-20150610?lang=en
2015-06-09,http://apps.who.int/gho/data/view.ebola-sitrep.ebola-summary-20150609?lang=en
2015-06-08,http://apps.who.int/gho/data/view.ebola-sitrep.ebola-summary-20150608?lang=en
2015-06-05,http://apps.who.int/gho/data/view.ebola-sitrep.ebola-summary-20150605?lang=en
2015-06-04,http://apps.who.int/gho/data/view.ebola-sitrep.ebola-summary-20150604?lang=en
2015-06-03,http://apps.who.int/gho/data/view.ebola-sitrep.ebola-summary-20150603?lang=en
2015-06-02,http://apps.who.int/gho/data/view.ebola-sitrep.ebola-summary-20150602?lang=en
2015-06-01,http://apps.who.int/gho/data/view.ebola-sitrep.ebola-summary-20150601?lang=en
2015-05-29,http://apps.who.int/gho/data/view.ebola-sitrep.ebola-summary-20150529?lang=en
2015-05-28,http://apps.who.int/gho/data/view.ebola-sitrep.ebola-summary-20150528?lang=en
2015-05-27,http://apps.who.int/gho/data/view.ebola-sitrep.ebola-summary-20150527?lang=en
2015-05-26,http://apps.who.int/gho/data/view.ebola-sitrep.ebola-summary-20150526?lang=en
2015-05-25,http://apps.who.int/gho/data/view.ebola-sitrep.ebola-summary-20150525?lang=en
2015-05-22,http://apps.who.int/gho/data/view.ebola-sitrep.ebola-summary-20150522?lang=en
2015-05-21,http://apps.who.int/gho/data/view.ebola-sitrep.ebola-summary-20150521?lang=en
2015-05-20,http://apps.who.int/gho/data/view.ebola-sitrep.ebola-summary-20150520?lang=en
2015-05-19,http://apps.who.int/gho/data/view.ebola-sitrep.ebola-summary-20150519?lang=en
2015-05-18,http://apps.who.int/gho/data/view.ebola-sitrep.ebola-summary-20150518?lang=en
2015-05-15,http://apps.who.int/gho/data/view.ebola-sitrep.ebola-summary-20150515?lang=en
2015-05-14,http://apps.who.int/gho/data/view.ebola-sitrep.ebola-summary-20150514?lang=en
2015-05-13,http://apps.who.int/gho/data/view.ebola-sitrep.ebola-summary-20150513?lang=en
2015-05-12,http://apps.who.int/gho/data/view.ebola-sitrep.ebola-summary-20150512?lang=en
2015-05-11,http://apps.who.int/gho/data/view.ebola-sitrep.ebola-summary-20150511?lang=en
2015-05-08,http://apps.who.int/gho/data/view.ebola-sitrep.ebola-summary-20150508?lang=en
2015-05-07,http://apps.who.int/gho/data/view.ebola-sitrep.ebola-summary-20150507?lang=en
2015-05-06,http://apps.who.int/gho/data/view.ebola-sitrep.ebola-summary-20150506?lang=en
2015-05-05,http://apps.who.int/gho/data/view.ebola-sitrep.ebola-summary-20150505?lang=en
2015-05-04,http://apps.who.int/gho/data/view.ebola-sitrep.ebola-summary-20150504?lang=en
2015-05-01,http://apps.who.int/gho/data/view.ebola-sitrep.ebola-summary-20150501?lang=en
2015-04-30,http://apps.who.int/gho/data/view.ebola-sitrep.ebola-summary-20150430?lang=en
2015-04-29,http://apps.who.int/gho/data/view.ebola-sitrep.ebola-summary-20150429?lang=en
2015-04-28,http://apps.who.int/gho/data/view.ebola-sitrep.ebola-summary-20150428?lang=en
2015-04-27,http://apps.who.int/gho/data/view.ebola-sitrep.ebola-summary-20150427?lang=en
2015-04-24,http://apps.who.int/gho/data/view.ebola-sitrep.ebola-summary-20150424?lang=en
2015-04-23,http://apps.who.int/gho/data/view.ebola-sitrep.ebola-summary-20150423?lang=en
2015-04-22,http://apps.who.int/gho/data/view.ebola-sitrep.ebola-summary-20150422?lang=en
2015-04-21,http://apps.who.int/gho/data/view.ebola-sitrep.ebola-summary-20150421?lang=en
2015-04-20,http://apps.who.int/gho/data/view.ebola-sitrep.ebola-summary-20150420?lang=en
2015-04-17,http://apps.who.int/gho/data/view.ebola-sitrep.ebola-summary-20150417?lang=en
2015-04-16,http://apps.who.int/gho/data/view.ebola-sitrep.ebola-summary-20150416?lang=en
2015-04-15,http://apps.who.int/gho/data/view.ebola-sitrep.ebola-summary-20150415?lang=en
2015-04-14,http://apps.who.int/gho/data/view.ebola-sitrep.ebola-summary-20150414?lang=en
2015-04-13,http://apps.who.int/gho/data/view.ebola-sitrep.ebola-summary-20150413?lang=en
2015-04-10,http://apps.who.int/gho/data/view.ebola-sitrep.ebola-summary-20150410?lang=en
2015-04-09,http://apps.who.int/gho/data/view.ebola-sitrep.ebola-summary-20150409?lang=en
2015-04-08,http://apps.who.int/gho/data/view.ebola-sitrep.ebola-summary-20150408?lang=en
2015-04-07,http://apps.who.int/gho/data/view.ebola-sitrep.ebola-summary-20150407?lang=en
2015-04-02,http://apps.who.int/gho/data/view.ebola-sitrep.ebola-summary-20150402?lang=en
2015-04-01,http://apps.who.int/gho/data/view.ebola-sitrep.ebola-summary-20150401?lang=en
2015-03-31,http://apps.who.int/gho/data/view.ebola-sitrep.ebola-summary-20150331?lang=en
2015-03-30,http://apps.who.int/gho/data/view.ebola-sitrep.ebola-summary-20150330?lang=en
2015-03-27,http://apps.who.int/gho/data/view.ebola-sitrep.ebola-summary-20150327?lang=en
2015-03-26,http://apps.who.int/gho/data/view.ebola-sitrep.ebola-summary-20150326?lang=en
2015-03-25,http://apps.who.int/gho/data/view.ebola-sitrep.ebola-summary-20150325?lang=en
2015-03-24,http://apps.who.int/gho/data/view.ebola-sitrep.ebola-summary-20150324?lang=en
2015-03-23,http://apps.who.int/gho/data/view.ebola-sitrep.ebola-summary-20150323?lang=en
2015-03-20,http://apps.who.int/gho/data/view.ebola-sitrep.ebola-summary-20150320?lang=en
2015-03-19,http://apps.who.int/gho/data/view.ebola-sitrep.ebola-summary-20150319?lang=en
2015-03-18,http://apps.who.int/gho/data/view.ebola-sitrep.ebola-summary-20150318?lang=en
2015-03-17,http://apps.who.int/gho/data/view.ebola-sitrep.ebola-summary-20150317?lang=en
2015-03-16,http://apps.who.int/gho/data/view.ebola-sitrep.ebola-summary-20150316?lang=en
2015-03-13,http://apps.who.int/gho/data/view.ebola-sitrep.ebola-summary-20150313?lang=en
2015-03-12,http://apps.who.int/gho/data/view.ebola-sitrep.ebola-summary-20150312?lang=en
2015-03-11,http://apps.who.int/gho/data/view.ebola-sitrep.ebola-summary-20150311?lang=en
2015-03-10,http://apps.who.int/gho/data/view.ebola-sitrep.ebola-summary-20150310?lang=en
2015-03-09,http://apps.who.int/gho/data/view.ebola-sitrep.ebola-summary-20150309?lang=en
2015-03-06,http://apps.who.int/gho/data/view.ebola-sitrep.ebola-summary-20150306?lang=en
2015-03-05,http://apps.who.int/gho/data/view.ebola-sitrep.ebola-summary-20150305?lang=en
2015-03-04,http://apps.who.int/gho/data/view.ebola-sitrep.ebola-summary-20150304?lang=en
2015-03-02,http://apps.who.int/gho/data/view.ebola-sitrep.ebola-summary-20150302?lang=en
2015-02-27,http://apps.who.int/gho/data/view.ebola-sitrep.ebola-summary-20150227?lang=en
2015-02-26,http://apps.who.int/gho/data/view.ebola-sitrep.ebola-summary-20150226?lang=en
2015-02-25,http://apps.who.int/gho/data/view.ebola-sitrep.ebola-summary-20150225?lang=en
2015-02-23,http://apps.who.int/gho/data/view.ebola-sitrep.ebola-summary-20150223?lang=en
2015-02-20,http://apps.who.int/gho/data/view.ebola-sitrep.ebola-summary-20150220?lang=en
2015-02-19,http://apps.who.int/gho/data/view.ebola-sitrep.ebola-summary-20150219?lang=en
2015-02-18,http://apps.who.int/gho/data/view.ebola-sitrep.ebola-summary-20150218?lang=en
2015-02-17,http://apps.who.int/gho/data/view.ebola-sitrep.ebola-summary-20150217?lang=en
2015-02-16,http://apps.who.int/gho/data/view.ebola-sitrep.ebola-summary-20150216?lang=en
2015-02-13,http://apps.who.int/gho/data/view.ebola-sitrep.ebola-summary-20150213?lang=en
2015-02-12,http://apps.who.int/gho/data/view.ebola-sitrep.ebola-summary-20150212?lang=en
2015-02-11,http://apps.who.int/gho/data/view.ebola-sitrep.ebola-summary-20150211?lang=en
2015-02-10,http://apps.who.int/gho/data/view.ebola-sitrep.ebola-summary-20150210?lang=en
2015-02-09,http://apps.who.int/gho/data/view.ebola-sitrep.ebola-summary-20150209?lang=en
2015-02-06,http://apps.who.int/gho/data/view.ebola-sitrep.ebola-summary-20150206?lang=en
2015-02-05,http://apps.who.int/gho/data/view.ebola-sitrep.ebola-summary-20150205?lang=en
2015-02-04,http://apps.who.int/gho/data/view.ebola-sitrep.ebola-summary-20150204?lang=en
2015-02-03,http://apps.who.int/gho/data/view.ebola-sitrep.ebola-summary-20150203?lang=en
2015-02-02,http://apps.who.int/gho/data/view.ebola-sitrep.ebola-summary-20150202?lang=en
2015-01-30,http://apps.who.int/gho/data/view.ebola-sitrep.ebola-summary-20150130?lang=en
2015-01-29,http://apps.who.int/gho/data/view.ebola-sitrep.ebola-summary-20150129?lang=en
2015-01-28,http://apps.who.int/gho/data/view.ebola-sitrep.ebola-summary-20150128?lang=en
2015-01-27,http://apps.who.int/gho/data/view.ebola-sitrep.ebola-summary-20150127?lang=en
2015-01-26,http://apps.who.int/gho/data/view.ebola-sitrep.ebola-summary-20150126?lang=en
2015-01-23,http://apps.who.int/gho/data/view.ebola-sitrep.ebola-summary-20150123?lang=en
2015-01-22,http://apps.who.int/gho/data/view.ebola-sitrep.ebola-summary-20150122?lang=en
2015-01-21,http://apps.who.int/gho/data/view.ebola-sitrep.ebola-summary-20150121?lang=en
2015-01-20,http://apps.who.int/gho/data/view.ebola-sitrep.ebola-summary-20150120?lang=en
2015-01-19,http://apps.who.int/gho/data/view.ebola-sitrep.ebola-summary-20150119?lang=en
2015-01-16,http://apps.who.int/gho/data/view.ebola-sitrep.ebola-summary-20150116?lang=en
2015-01-15,http://apps.who.int/gho/data/view.ebola-sitrep.ebola-summary-20150115?lang=en
2015-01-14,http://apps.who.int/gho/data/view.ebola-sitrep.ebola-summary-20150114?lang=en
2015-01-13,http://apps.who.int/gho/data/view.ebola-sitrep.ebola-summary-20150113?lang=en
2015-01-12,http://apps.who.int/gho/data/view.ebola-sitrep.ebola-summary-20150112?lang=en
2015-01-09,http://apps.who.int/gho/data/view.ebola-sitrep.ebola-summary-20150109?lang=en
2015-01-08,http://apps.who.int/gho/data/view.ebola-sitrep.ebola-summary-20150108?lang=en
2015-01-07,http://apps.who.int/gho/data/view.ebola-sitrep.ebola-summary-20150107?lang=en
2015-01-06,http://apps.who.int/gho/data/view.ebola-sitrep.ebola-summary-20150106?lang=en
2015-01-05,http://apps.who.int/gho/data/view.ebola-sitrep.ebola-summary-20150105?lang=en
2015-01-02,http://apps.who.int/gho/data/view.ebola-sitrep.ebola-summary-20150102?lang=en
2014-12-31,http://apps.who.int/gho/data/view.ebola-sitrep.ebola-summary-20141231?lang=en
2014-12-30,http://apps.who.int/gho/data/view.ebola-sitrep.ebola-summary-20141230?lang=en
2014-12-29,http://apps.who.int/gho/data/view.ebola-sitrep.ebola-summary-20141229?lang=en
2014-12-26,http://apps.who.int/gho/data/view.ebola-sitrep.ebola-summary-20141226?lang=en
2014-12-24,http://apps.who.int/gho/data/view.ebola-sitrep.ebola-summary-20141224?lang=en
2014-12-23,http://apps.who.int/gho/data/view.ebola-sitrep.ebola-summary-20141223?lang=en
2014-12-22,http://apps.who.int/gho/data/view.ebola-sitrep.ebola-summary-20141222?lang=en
2014-12-19,http://apps.who.int/gho/data/view.ebola-sitrep.ebola-summary-20141219?lang=en
2014-12-17,http://apps.who.int/gho/data/view.ebola-sitrep.ebola-summary-20141217?lang=en
2014-12-15,http://apps.who.int/gho/data/view.ebola-sitrep.ebola-summary-20141215?lang=en
2014-12-12,http://apps.who.int/gho/data/view.ebola-sitrep.ebola-summary-20141212?lang=en
2014-12-11,http://apps.who.int/gho/data/view.ebola-sitrep.ebola-summary-20141211?lang=en
2014-12-10,http://apps.who.int/gho/data/view.ebola-sitrep.ebola-summary-20141210?lang=en
2014-12-08,http://apps.who.int/gho/data/view.ebola-sitrep.ebola-summary-20141208?lang=en
2014-12-05,http://apps.who.int/gho/data/view.ebola-sitrep.ebola-summary-20141205?lang=en
2014-12-04,http://apps.who.int/gho/data/view.ebola-sitrep.ebola-summary-20141204?lang=en
2014-12-03,http://apps.who.int/gho/data/view.ebola-sitrep.ebola-summary-20141203?lang=en
2014-12-02,http://apps.who.int/gho/data/view.ebola-sitrep.ebola-summary-20141202?lang=en
2014-12-01,http://apps.who.int/gho/data/view.ebola-sitrep.ebola-summary-20141201?lang=en
2014-11-28,http://apps.who.int/gho/data/view.ebola-sitrep.ebola-summary-20141128?lang=en
2014-11-26,http://apps.who.int/gho/data/view.ebola-sitrep.ebola-summary-20141126?lang=en
2014-11-21,http://apps.who.int/gho/data/view.ebola-sitrep.ebola-summary-20141121?lang=en
2014-11-19,http://apps.who.int/gho/data/view.ebola-sitrep.ebola-summary-20141119?lang=en
2014-11-14,http://apps.who.int/gho/data/view.ebola-sitrep.ebola-summary-20141114?lang=en
2014-11-12,http://apps.who.int/gho/data/view.ebola-sitrep.ebola-summary-20141112?lang=en
